1;PIANO (CATEGORY : 01);STAGE PIANO;0;1;DSP;0
2;PIANO (CATEGORY : 01);GRAND PIANO;0;3;–;0
3;PIANO (CATEGORY : 01);BRIGHT PIANO;1;1;DSP;0
4;PIANO (CATEGORY : 01);MELLOW PIANO;0;2;DSP;0
5;PIANO (CATEGORY : 01);POP PIANO;0;32;DSP;0
6;PIANO (CATEGORY : 01);ROCK PIANO;1;2;DSP;0
7;PIANO (CATEGORY : 01);DANCE PIANO;1;3;DSP;0
8;PIANO (CATEGORY : 01);LA PIANO;1;4;–;0
9;PIANO (CATEGORY : 01);TACK PIANO;0;33;–;0
10;PIANO (CATEGORY : 01);MONO PIANO;0;4;–;0
11;PIANO (CATEGORY : 01);HONKY-TONK;3;32;–;0
12;PIANO (CATEGORY : 01);OCTAVE PIANO;3;33;–;0
13;PIANO (CATEGORY : 01);WIDE GRAND PIANO;0;5;–;0
14;PIANO (CATEGORY : 01);STRINGS PIANO;0;34;–;0
15;PIANO (CATEGORY : 01);PIANO PAD;0;35;–;0
16;PIANO (CATEGORY : 01);ELEC.GRAND PIANO;2;32;–;0
17;PIANO (CATEGORY : 01);MODERN E.G.PIANO;2;33;–;0
18;PIANO (CATEGORY : 01);HARPSICHORD 1;6;1;–;0
19;PIANO (CATEGORY : 01);HARPSICHORD 2;6;32;–;0
20;PIANO (CATEGORY : 01);COUPLED HARPSICHORD;6;33;DSP;0
21;ELEC.PIANO (CATEGORY : 02);GALAXIA EP;5;32;–;0
22;ELEC.PIANO (CATEGORY : 02);DYNAMIC EP;4;32;–;0
23;ELEC.PIANO (CATEGORY : 02);LUCENT EP;5;33;DSP;0
24;ELEC.PIANO (CATEGORY : 02);ELEC.PIANO 1;4;1;DSP;0
25;ELEC.PIANO (CATEGORY : 02);ELEC.PIANO 2;4;2;DSP;0
26;ELEC.PIANO (CATEGORY : 02);ELEC.PIANO 3;4;3;DSP;0
27;ELEC.PIANO (CATEGORY : 02);ELEC.PIANO 4;4;4;–;0
28;ELEC.PIANO (CATEGORY : 02);ELEC.PIANO 5;5;34;–;0
29;ELEC.PIANO (CATEGORY : 02);ELEC.PIANO 6;4;5;–;0
30;ELEC.PIANO (CATEGORY : 02);60'S E.PIANO;4;6;DSP;0
31;ELEC.PIANO (CATEGORY : 02);DYNO ELEC.PIANO;4;33;DSP;0
32;ELEC.PIANO (CATEGORY : 02);DIGITAL E.PIANO 1;5;1;–;0
33;ELEC.PIANO (CATEGORY : 02);DIGITAL E.PIANO 2;5;2;–;0
34;ELEC.PIANO (CATEGORY : 02);DIGITAL E.PIANO 3;5;3;–;0
35;ELEC.PIANO (CATEGORY : 02);PHASER E.PIANO;4;7;DSP;0
36;ELEC.PIANO (CATEGORY : 02);E.PIANO WIDE;4;8;–;0
37;ELEC.PIANO (CATEGORY : 02);MELLOW E.PIANO;4;9;–;0
38;ELEC.PIANO (CATEGORY : 02);E.PIANO PAD;4;34;–;0
39;ELEC.PIANO (CATEGORY : 02);CLAVI 1;7;1;–;0
40;ELEC.PIANO (CATEGORY : 02);CLAVI 2;7;32;–;0
41;ELEC.PIANO (CATEGORY : 02);CLAVI 3;7;2;–;0
42;ELEC.PIANO (CATEGORY : 02);CLAVI 4;7;33;–;0
43;ELEC.PIANO (CATEGORY : 02);CLAVI 5;7;3;–;0
44;ELEC.PIANO (CATEGORY : 02);VIBRAPHONE 1;11;1;DSP;0
45;ELEC.PIANO (CATEGORY : 02);VIBRAPHONE 2;11;2;–;0
46;ELEC.PIANO (CATEGORY : 02);VIBRAPHONE WIDE;11;3;–;0
47;ELEC.PIANO (CATEGORY : 02);CELESTA;8;1;–;1
48;ELEC.PIANO (CATEGORY : 02);GLOCKENSPIEL;9;1;–;1
49;ELEC.PIANO (CATEGORY : 02);MUSIC BOX;10;32;–;1
50;ELEC.PIANO (CATEGORY : 02);MARIMBA;12;32;–;0
51;ELEC.PIANO (CATEGORY : 02);XYLOPHONE;13;1;–;0
52;ELEC.PIANO (CATEGORY : 02);TUBULAR BELL;14;32;–;0
53;ELEC.PIANO (CATEGORY : 02);CHURCH BELLS;14;33;DSP;0
54;ORGAN (CATEGORY : 03);JS ORGAN;17;32;DSP;0
55;ORGAN (CATEGORY : 03);RTF FD ORGAN;16;32;DSP;0
56;ORGAN (CATEGORY : 03);ROCK OD ORGAN;18;32;DSP;0
57;ORGAN (CATEGORY : 03);TREMOLO ORGAN;16;5;DSP;0
58;ORGAN (CATEGORY : 03);JAZZ ORGAN 1;17;33;DSP;0
59;ORGAN (CATEGORY : 03);DP ORGAN;16;4;DSP;0
60;ORGAN (CATEGORY : 03);ELEC.ORGAN 1;16;1;DSP;0
61;ORGAN (CATEGORY : 03);GOSPEL ORGAN;17;38;DSP;0
62;ORGAN (CATEGORY : 03);ELEC.ORGAN 2;16;2;DSP;0
63;ORGAN (CATEGORY : 03);ELEC.ORGAN 3;16;33;DSP;0
64;ORGAN (CATEGORY : 03);PERC.ORGAN 1;17;1;DSP;0
65;ORGAN (CATEGORY : 03);FULL DRAWBAR;16;3;DSP;0
66;ORGAN (CATEGORY : 03);ROCK ORGAN 1;18;1;DSP;0
67;ORGAN (CATEGORY : 03);JAZZ ORGAN 2;17;34;DSP;0
68;ORGAN (CATEGORY : 03);ELEC.ORGAN 4;16;34;DSP;0
69;ORGAN (CATEGORY : 03);ELEC.ORGAN 5;16;35;DSP;0
70;ORGAN (CATEGORY : 03);PERC.ORGAN 2;17;35;DSP;0
71;ORGAN (CATEGORY : 03);CLICK ORGAN;17;37;DSP;0
72;ORGAN (CATEGORY : 03);70'S ORGAN;17;36;DSP;0
73;ORGAN (CATEGORY : 03);ROCK ORGAN 2;18;2;DSP;0
74;ORGAN (CATEGORY : 03);ORGAN PAD;16;6;–;0
75;ORGAN (CATEGORY : 03);PIPE ORGAN 1;19;32;–;0
76;ORGAN (CATEGORY : 03);PIPE ORGAN 2;19;33;–;0
77;ORGAN (CATEGORY : 03);CHAPEL ORGAN;19;34;–;0
78;ORGAN (CATEGORY : 03);PIPE ORGAN 3;19;2;–;0
79;ORGAN (CATEGORY : 03);THEATER ORGAN;19;1;–;0
80;ORGAN (CATEGORY : 03);ACCODION FRENCH 1;21;32;–;0
81;ORGAN (CATEGORY : 03);ACCODION FRENCH 2;21;33;–;0
82;ORGAN (CATEGORY : 03);ACCODION FRENCH 3;21;34;–;0
83;ORGAN (CATEGORY : 03);ACCODION ITALY 1;21;1;–;0
84;ORGAN (CATEGORY : 03);ACCODION ITALY 2;21;35;–;0
85;ORGAN (CATEGORY : 03);ACCORDION;21;2;–;0
86;ORGAN (CATEGORY : 03);BANDONEON;23;32;–;0
87;ORGAN (CATEGORY : 03);BANDONEON SOLO;23;1;–;0
88;GUITAR (CATEGORY : 04);NYLON GUITAR VELO.SLIDE;24;32;–;0
89;GUITAR (CATEGORY : 04);STEEL GUITAR VELO.SLIDE;25;32;–;0
90;GUITAR (CATEGORY : 04);NYLON STR.GUITAR 1;24;1;–;0
91;GUITAR (CATEGORY : 04);NYLON STR.GUITAR 2;24;2;–;0
92;GUITAR (CATEGORY : 04);NYLON STR.GUITAR 3;24;4;DSP;0
93;GUITAR (CATEGORY : 04);STEEL STR.GUITAR 1;25;1;–;0
94;GUITAR (CATEGORY : 04);STEEL STR.GUITAR 2;25;2;–;0
95;GUITAR (CATEGORY : 04);STEEL STR.GUITAR 3;25;3;–;0
96;GUITAR (CATEGORY : 04);STEEL STR.GUITAR 4;25;4;–;0
97;GUITAR (CATEGORY : 04);12 STR.GUITAR;25;5;–;0
98;GUITAR (CATEGORY : 04);JAZZ GUITAR 1;26;1;–;0
99;GUITAR (CATEGORY : 04);JAZZ GUITAR 2;26;32;–;0
100;GUITAR (CATEGORY : 04);OD OCT JAZZ GUITAR;26;2;DSP;0
101;GUITAR (CATEGORY : 04);CRUNCH JAZZ GUITAR;26;3;DSP;0
102;GUITAR (CATEGORY : 04);CLEAN GUITAR 1;27;32;DSP;0
103;GUITAR (CATEGORY : 04);CLEAN GUITAR 2;27;1;DSP;0
104;GUITAR (CATEGORY : 04);CLEAN GUITAR 3;27;2;DSP;0
105;GUITAR (CATEGORY : 04);CLEAN GUITAR 4;27;3;–;0
106;GUITAR (CATEGORY : 04);CLEAN GUITAR 5;27;4;–;0
107;GUITAR (CATEGORY : 04);CLEAN GUITAR 6;27;33;–;0
108;GUITAR (CATEGORY : 04);CLEAN GUITAR 7;27;7;–;0
109;GUITAR (CATEGORY : 04);CHORUS CLEAN GUITAR 1;27;5;DSP;0
110;GUITAR (CATEGORY : 04);CHORUS CLEAN GUITAR 2;27;6;–;0
111;GUITAR (CATEGORY : 04);WAH CLEAN GUITAR;27;34;DSP;0
112;GUITAR (CATEGORY : 04);CRUNCH ELEC.GUITAR 1;29;3;DSP;0
113;GUITAR (CATEGORY : 04);CRUNCH ELEC.GUITAR 2;29;32;DSP;0
114;GUITAR (CATEGORY : 04);CRUNCH ELEC.GUITAR 3;27;8;–;0
115;GUITAR (CATEGORY : 04);CHORUS CRUNCH GUITAR;29;4;DSP;0
116;GUITAR (CATEGORY : 04);MUTE GUITAR;28;1;–;0
117;GUITAR (CATEGORY : 04);CRUNCH MUTE GUITAR;28;2;DSP;0
118;GUITAR (CATEGORY : 04);OVERDRIVE MUTE GT;28;5;–;0
119;GUITAR (CATEGORY : 04);PHASER MUTE GUITAR;28;3;DSP;0
120;GUITAR (CATEGORY : 04);AMB MUTE GUITAR;28;4;DSP;0
121;GUITAR (CATEGORY : 04);HUM BLUES GUITAR;29;5;DSP;0
122;GUITAR (CATEGORY : 04);OVERDRIVE GUITAR 1;29;1;DSP;0
123;GUITAR (CATEGORY : 04);OVERDRIVE GUITAR 2;29;2;–;0
124;GUITAR (CATEGORY : 04);LFO WAH OD GUITAR;29;6;DSP;0
125;GUITAR (CATEGORY : 04);WAH OD GUITAR;29;33;DSP;0
126;GUITAR (CATEGORY : 04);CRY OD GUITAR;29;34;DSP;0
127;GUITAR (CATEGORY : 04);FLANGER OD GUITAR;29;35;DSP;0
128;GUITAR (CATEGORY : 04);DISTORTION GT 1;30;1;DSP;0
129;GUITAR (CATEGORY : 04);DISTORTION GT 2;30;2;DSP;0
130;GUITAR (CATEGORY : 04);DISTORTION GT 3;30;3;DSP;0
131;GUITAR (CATEGORY : 04);DISTORTION GT 4;30;5;–;0
132;GUITAR (CATEGORY : 04);WAH DIST GUITAR;30;4;DSP;0
133;GUITAR (CATEGORY : 04);MANDOLIN;25;40;–;0
134;GUITAR (CATEGORY : 04);UKULELE;24;3;–;0
135;GUITAR (CATEGORY : 04);VERSATILE NYLON GUITAR;24;8;–;0
136;GUITAR (CATEGORY : 04);VERSATILE STEEL GUITAR;25;8;–;0
137;GUITAR (CATEGORY : 04);VERSATILE SINGLE COIL E.GUITAR;27;9;–;0
138;BASS (CATEGORY : 05);ACOUSTIC BASS 1;32;1;–;–1
139;BASS (CATEGORY : 05);FINGERED BASS 1;33;6;–;–1
140;BASS (CATEGORY : 05);FINGERED BASS 2;33;5;–;–1
141;BASS (CATEGORY : 05);FINGERED BASS VELO.SLAP 1;33;33;–;–1
142;BASS (CATEGORY : 05);FINGERED BASS VELO.SLAP 2;33;32;–;–1
143;BASS (CATEGORY : 05);SLAP BASS 1;36;1;–;–1
144;BASS (CATEGORY : 05);FINGER SLAP BASS 1;36;5;–;–1
145;BASS (CATEGORY : 05);SYNTH-BASS 1;39;3;–;–1
146;BASS (CATEGORY : 05);ACOUSTIC BASS 2;32;32;DSP;–1
147;BASS (CATEGORY : 05);RIDE BASS;32;33;–;–1
148;BASS (CATEGORY : 05);FINGERED BASS 3;33;1;–;–1
149;BASS (CATEGORY : 05);FINGERED BASS 4;33;2;–;–1
150;BASS (CATEGORY : 05);FINGERED BASS 5;33;3;–;–1
151;BASS (CATEGORY : 05);FINGERED BASS 6;33;4;–;–1
152;BASS (CATEGORY : 05);FINGERED BASS 7;33;7;–;–1
153;BASS (CATEGORY : 05);CHO FINGERED BASS;33;8;DSP;–1
154;BASS (CATEGORY : 05);WAH FINGERED BASS;33;9;DSP;–1
155;BASS (CATEGORY : 05);PICKED BASS 1;34;1;–;–1
156;BASS (CATEGORY : 05);PICKED BASS 2;34;2;–;–1
157;BASS (CATEGORY : 05);MUTE PICKED BASS;34;5;–;–1
158;BASS (CATEGORY : 05);SLAP BASS 2;36;32;–;–1
159;BASS (CATEGORY : 05);SLAP BASS 3;36;2;–;–1
160;BASS (CATEGORY : 05);CHO SLAP BASS;36;33;–;–1
161;BASS (CATEGORY : 05);AMP SLAP BASS;36;3;DSP;–1
162;BASS (CATEGORY : 05);WAH SLAP BASS;36;34;DSP;–1
163;BASS (CATEGORY : 05);FRETLESS BASS;35;32;–;–1
164;BASS (CATEGORY : 05);CHO FRETLESS BASS;35;33;DSP;–1
165;BASS (CATEGORY : 05);AMP FRETLESS BASS;35;34;DSP;–1
166;BASS (CATEGORY : 05);FINGER SLAP BASS 2;36;4;–;–1
167;BASS (CATEGORY : 05);FINGER SLAP BASS 3;36;35;–;–1
168;BASS (CATEGORY : 05);SYNTH-BASS 2;38;6;DSP;–1
169;BASS (CATEGORY : 05);SYNTH-BASS 3;38;1;–;–1
170;BASS (CATEGORY : 05);SYNTH-BASS 4;38;2;–;–1
171;BASS (CATEGORY : 05);SYNTH-BASS 5;39;1;–;–1
172;BASS (CATEGORY : 05);SYNTH-BASS 6;39;2;–;–1
173;BASS (CATEGORY : 05);SYNTH-BASS 7;38;32;DSP;–1
174;BASS (CATEGORY : 05);SYNTH-BASS 8;39;33;–;–1
175;BASS (CATEGORY : 05);SYNTH-BASS 9;39;4;–;–1
176;BASS (CATEGORY : 05);SYNTH-BASS 10;39;5;–;–1
177;BASS (CATEGORY : 05);SYNTH-BASS 11;38;4;–;–1
178;BASS (CATEGORY : 05);SYNTH-BASS 12;38;5;–;–1
179;BASS (CATEGORY : 05);SYNTH-BASS 13;39;6;–;–1
180;BASS (CATEGORY : 05);ORGAN BASS;39;7;–;0
181;BASS (CATEGORY : 05);VERSATILE ELECTRIC BASS 1;33;10;–;–1
182;BASS (CATEGORY : 05);VERSATILE ELECTRIC BASS 2;33;24;–;–1
183;STRINGS (CATEGORY : 06);STEREO STRINGS;48;32;DSP;0
184;STRINGS (CATEGORY : 06);MELLOW STRINGS 1;49;1;–;0
185;STRINGS (CATEGORY : 06);MELLOW STRINGS 2;48;1;–;0
186;STRINGS (CATEGORY : 06);BRIGHT STRINGS;49;2;–;0
187;STRINGS (CATEGORY : 06);STRINGS;48;3;–;0
188;STRINGS (CATEGORY : 06);SLOW STRINGS 1;48;2;DSP;0
189;STRINGS (CATEGORY : 06);SLOW STRINGS 2;49;32;–;0
190;STRINGS (CATEGORY : 06);STRING ENSEMBLE;48;4;–;0
191;STRINGS (CATEGORY : 06);WARM STRINGS;48;5;–;0
192;STRINGS (CATEGORY : 06);PIZZICATO STRINGS;45;32;–;0
193;STRINGS (CATEGORY : 06);CHAMBER;48;33;–;0
194;STRINGS (CATEGORY : 06);OCTAVE STRINGS;48;34;–;0
195;STRINGS (CATEGORY : 06);ORCHESTRA HIT;55;4;–;0
196;STRINGS (CATEGORY : 06);SOLO VIOLIN;40;32;–;0
197;STRINGS (CATEGORY : 06);VIOLIN;40;33;–;0
198;STRINGS (CATEGORY : 06);SLOW VIOLIN;40;34;–;0
199;STRINGS (CATEGORY : 06);VIOLA;41;32;–;0
200;STRINGS (CATEGORY : 06);CELLO;42;32;–;–1
201;STRINGS (CATEGORY : 06);CONTRABASS;43;32;–;–1
202;STRINGS (CATEGORY : 06);HARP;46;32;–;0
203;STRINGS (CATEGORY : 06);VIOLIN SECTION;48;6;–;0
204;STRINGS (CATEGORY : 06);HARP & STRINGS;49;3;–;0
205;BRASS (CATEGORY : 07);STEREO BRASS;61;1;DSP;0
206;BRASS (CATEGORY : 07);SOLO TRUMPET;56;1;–;0
207;BRASS (CATEGORY : 07);SYNTH-BRASS 1;62;32;–;0
208;BRASS (CATEGORY : 07);BRASS;61;2;–;0
209;BRASS (CATEGORY : 07);BRASS SECTION 1;61;3;–;0
210;BRASS (CATEGORY : 07);BRASS SECTION 2;61;4;–;0
211;BRASS (CATEGORY : 07);BIG BAND BRASS;61;32;–;0
212;BRASS (CATEGORY : 07);HARD BRASS;61;5;–;0
213;BRASS (CATEGORY : 07);BRASS SFZ;61;33;–;0
214;BRASS (CATEGORY : 07);BRASS VELO.FALL;61;34;–;0
215;BRASS (CATEGORY : 07);BRASS VELO.SHAKE;61;35;–;0
216;BRASS (CATEGORY : 07);BRASS VELO.GLISSANDO;61;36;–;0
217;BRASS (CATEGORY : 07);SYNTH-BRASS 2;62;33;–;0
218;BRASS (CATEGORY : 07);SYNTH-BRASS 3;62;1;–;0
219;BRASS (CATEGORY : 07);SYNTH-BRASS 4;62;34;–;0
220;BRASS (CATEGORY : 07);WARM SYNTH-BRASS;62;35;–;0
221;BRASS (CATEGORY : 07);ANALOG SYNTH-BRASS;62;36;–;0
222;BRASS (CATEGORY : 07);80'S SYNTH-BRASS;62;2;–;0
223;BRASS (CATEGORY : 07);TRANCE BRASS;63;32;–;0
224;BRASS (CATEGORY : 07);TRUMPET 1;56;32;DSP;0
225;BRASS (CATEGORY : 07);TRUMPET 2;56;2;–;0
226;BRASS (CATEGORY : 07);MELLOW TRUMPET;56;3;–;0
227;BRASS (CATEGORY : 07);MUTE TRUMPET;59;1;–;0
228;BRASS (CATEGORY : 07);TROMBONE;57;32;–;–1
229;BRASS (CATEGORY : 07);JAZZ TROMBONE;57;33;–;–1
230;BRASS (CATEGORY : 07);FRENCH HORN;60;32;–;0
231;BRASS (CATEGORY : 07);FRENCH HORN SECTION;60;1;–;0
232;BRASS (CATEGORY : 07);TUBA;58;32;–;–2
233;BRASS (CATEGORY : 07);VERSATILE BRASS 1;61;8;–;0
234;BRASS (CATEGORY : 07);VERSATILE BRASS 2;61;9;–;0
235;REED (CATEGORY : 08);SOLO TENOR SAX;66;1;–;–1
236;REED (CATEGORY : 08);SOLO ALTO SAX;65;32;–;0
237;REED (CATEGORY : 08);BREATHY ALTO SAX;65;33;DSP;0
238;REED (CATEGORY : 08);SOLO SOPRANO SAX;64;32;–;0
239;REED (CATEGORY : 08);BREATHY S.SAX;64;34;–;0
240;REED (CATEGORY : 08);SOLO OBOE;68;32;–;0
241;REED (CATEGORY : 08);SOLO BASSOON;70;32;–;–1
242;REED (CATEGORY : 08);ALTO SAX;65;1;DSP;0
243;REED (CATEGORY : 08);TENOR SAX;66;2;DSP;–1
244;REED (CATEGORY : 08);BREATHY TENOR SAX;66;3;DSP;–1
245;REED (CATEGORY : 08);SOPRANO SAX;64;33;–;0
246;REED (CATEGORY : 08);BARITONE SAX;67;1;–;–1
247;REED (CATEGORY : 08);HARD A.SAX;65;2;–;0
248;REED (CATEGORY : 08);T.SAXYS;66;4;–;0
249;REED (CATEGORY : 08);CLARINET;71;32;–;0
250;REED (CATEGORY : 08);VELO.CLARINET;71;1;–;0
251;REED (CATEGORY : 08);OBOE;68;1;–;0
252;REED (CATEGORY : 08);ENGLISH HORN;69;32;–;0
253;PIPE (CATEGORY : 09);SOLO FLUTE 1;73;32;–;0
254;PIPE (CATEGORY : 09);SOLO FLUTE 2;73;33;–;0
255;PIPE (CATEGORY : 09);FLUTE;73;1;–;0
256;PIPE (CATEGORY : 09);JAZZ FLUTE;73;2;–;0
257;PIPE (CATEGORY : 09);PICCOLO;72;32;–;1
258;PIPE (CATEGORY : 09);RECORDER;74;32;–;0
259;PIPE (CATEGORY : 09);PAN FLUTE 1;75;32;–;0
260;PIPE (CATEGORY : 09);PAN FLUTE 2;75;33;–;0
261;PIPE (CATEGORY : 09);WHISTLE;78;1;–;0
262;PIPE (CATEGORY : 09);OCARINA;79;32;–;0
263;PIPE (CATEGORY : 09);SHAKUHACHI;77;32;–;0
264;PIPE (CATEGORY : 09);PIPE SECTION;72;33;–;0
265;SYNTH (CATEGORY : 10);SUPER SAW LEAD 1;81;16;–;0
266;SYNTH (CATEGORY : 10);SUPER SAW LEAD 2;81;17;DSP;0
267;SYNTH (CATEGORY : 10);TRANCE POLY LEAD;81;18;–;0
268;SYNTH (CATEGORY : 10);TRANCE PLUCK;81;38;DSP;0
269;SYNTH (CATEGORY : 10);PROGRESSIVE PLUCK;81;39;DSP;0
270;SYNTH (CATEGORY : 10);SAW PLUCK;81;40;DSP;0
271;SYNTH (CATEGORY : 10);DIRTY PLUCK;80;38;DSP;0
272;SYNTH (CATEGORY : 10);X SYNTH LEAD 1;81;7;–;0
273;SYNTH (CATEGORY : 10);X SYNTH LEAD 2;80;36;–;0
274;SYNTH (CATEGORY : 10);X SYNTH LEAD 3;81;32;DSP;0
275;SYNTH (CATEGORY : 10);X SYNTH LEAD 4;80;37;–;0
276;SYNTH (CATEGORY : 10);X SYNTH LEAD 5;81;33;–;0
277;SYNTH (CATEGORY : 10);X SYNTH LEAD 6;80;6;–;0
278;SYNTH (CATEGORY : 10);VA SYNTH 1;80;3;–;0
279;SYNTH (CATEGORY : 10);VA SYNTH 2;80;4;–;0
280;SYNTH (CATEGORY : 10);VA SYNTH 3;80;5;–;0
281;SYNTH (CATEGORY : 10);VA SYNTH SEQ-BASS 1;81;10;–;0
282;SYNTH (CATEGORY : 10);VA SYNTH SEQ-BASS 2;81;11;–;0
283;SYNTH (CATEGORY : 10);VA SYNTH SEQ-BASS 3;81;12;–;–1
284;SYNTH (CATEGORY : 10);VA SYNTH SEQUENCE 1;81;13;–;–1
285;SYNTH (CATEGORY : 10);VA SYNTH SEQUENCE 2;81;14;–;0
286;SYNTH (CATEGORY : 10);SAW LEAD 1;81;1;–;0
287;SYNTH (CATEGORY : 10);SAW LEAD 2;81;2;DSP;0
288;SYNTH (CATEGORY : 10);SAW LEAD 3;81;3;–;0
289;SYNTH (CATEGORY : 10);MELLOW SAW LEAD;81;4;–;0
290;SYNTH (CATEGORY : 10);PULSE SAW LEAD;81;5;–;0
291;SYNTH (CATEGORY : 10);TRANCE LEAD;81;6;–;0
292;SYNTH (CATEGORY : 10);SS LEAD;81;34;–;0
293;SYNTH (CATEGORY : 10);SQUARE LEAD;80;32;–;0
294;SYNTH (CATEGORY : 10);SLOW SQUARE LEAD;80;1;–;0
295;SYNTH (CATEGORY : 10);PULSE LEAD;80;33;–;0
296;SYNTH (CATEGORY : 10);SQUARE PULSE LEAD;80;34;–;0
297;SYNTH (CATEGORY : 10);SINE LEAD;80;2;–;0
298;SYNTH (CATEGORY : 10);SYNTH SEQUENCE;80;8;–;0
299;SYNTH (CATEGORY : 10);SEQUENCE SAW;81;15;–;0
300;SYNTH (CATEGORY : 10);SEQUENCE SINE;80;7;–;0
301;SYNTH (CATEGORY : 10);8Bit ARPEGGIO;80;9;–;0
302;SYNTH (CATEGORY : 10);8Bit WAVE;80;35;–;0
303;SYNTH (CATEGORY : 10);SAW ARPEGGIO 1;81;8;–;0
304;SYNTH (CATEGORY : 10);SAW ARPEGGIO 2;81;9;–;0
305;SYNTH (CATEGORY : 10);SYNTH-VOICE LEAD;85;1;–;0
306;SYNTH (CATEGORY : 10);FIFTH LEAD;86;32;–;0
307;SYNTH (CATEGORY : 10);EDM KICK & BASS;96;8;–;0
308;SYNTH (CATEGORY : 10);EDM LAZER 1;96;9;–;0
309;SYNTH (CATEGORY : 10);EDM LAZER 2;96;10;–;0
310;SYNTH (CATEGORY : 10);EDM THEME SYNTH;96;11;–;0
311;SYNTH (CATEGORY : 10);EDM BRASS HIT;96;12;–;1
312;SYNTH (CATEGORY : 10);EDM SE BEND;96;13;–;0
313;SYNTH (CATEGORY : 10);EDM SE VOX SYNTH;96;14;–;0
314;SYNTH (CATEGORY : 10);EDM SE WHITE;96;15;–;0
315;SYNTH (CATEGORY : 10);EDM THEME HIT;97;8;–;0
316;SYNTH (CATEGORY : 10);EDM BASS;97;9;–;–1
317;SYNTH (CATEGORY : 10);EDM PER SYNTH;97;10;–;0
318;PAD/CHOIR (CATEGORY : 11);SYNTH-STRINGS 1;51;32;DSP;0
319;PAD/CHOIR (CATEGORY : 11);DIGITAL SYNTH-STR.1;51;33;DSP;0
320;PAD/CHOIR (CATEGORY : 11);PROGRESSIVE VOICE;88;4;DSP;0
321;PAD/CHOIR (CATEGORY : 11);SUPER SAW PAD;90;6;–;0
322;PAD/CHOIR (CATEGORY : 11);OLD TAPE PAD;88;5;DSP;0
323;PAD/CHOIR (CATEGORY : 11);X SYNTH PAD 1;90;32;DSP;0
324;PAD/CHOIR (CATEGORY : 11);X SYNTH PAD 2;90;33;DSP;0
325;PAD/CHOIR (CATEGORY : 11);X SYNTH PAD 3;90;34;–;0
326;PAD/CHOIR (CATEGORY : 11);SYNTH-STRINGS 2;50;1;–;0
327;PAD/CHOIR (CATEGORY : 11);SYNTH-STRINGS 3;50;2;–;0
328;PAD/CHOIR (CATEGORY : 11);70'S SYNTH-STR.1;50;3;–;0
329;PAD/CHOIR (CATEGORY : 11);70'S SYNTH-STR.2;50;32;–;0
330;PAD/CHOIR (CATEGORY : 11);80'S SYNTH-STR.1;50;33;–;0
331;PAD/CHOIR (CATEGORY : 11);80'S SYNTH-STR.2;50;34;–;0
332;PAD/CHOIR (CATEGORY : 11);DIGITAL SYNTH-STR.2;50;4;DSP;0
333;PAD/CHOIR (CATEGORY : 11);FAST SYNTH-STRINGS;50;5;–;0
334;PAD/CHOIR (CATEGORY : 11);SLOW SYNTH-STRINGS;50;35;–;0
335;PAD/CHOIR (CATEGORY : 11);CHOIR AAHS;52;1;–;0
336;PAD/CHOIR (CATEGORY : 11);STRINGS VOICE;52;33;–;0
337;PAD/CHOIR (CATEGORY : 11);SLOW CHOIR;52;32;–;0
338;PAD/CHOIR (CATEGORY : 11);VOICE DOO;53;32;–;0
339;PAD/CHOIR (CATEGORY : 11);VOICE UUH;53;33;–;0
340;PAD/CHOIR (CATEGORY : 11);SYNTH-VOICE;54;1;–;0
341;PAD/CHOIR (CATEGORY : 11);VOICE ENSEMBLE;54;2;–;0
342;PAD/CHOIR (CATEGORY : 11);SYNTH-VOICE PAD;54;32;–;0
343;PAD/CHOIR (CATEGORY : 11);FANTASY;88;1;–;0
344;PAD/CHOIR (CATEGORY : 11);NEW AGE;88;2;–;0
345;PAD/CHOIR (CATEGORY : 11);WARM PAD;89;1;–;0
346;PAD/CHOIR (CATEGORY : 11);FAT SAW PAD;89;2;–;0
347;PAD/CHOIR (CATEGORY : 11);SOFT PAD;89;3;–;0
348;PAD/CHOIR (CATEGORY : 11);SYNTH-PAD;90;1;–;0
349;PAD/CHOIR (CATEGORY : 11);VA SYNTH-PAD;90;2;DSP;0
350;PAD/CHOIR (CATEGORY : 11);POLY SAW;90;3;–;0
351;PAD/CHOIR (CATEGORY : 11);BRIGHT SAW PAD 1;90;4;–;0
352;PAD/CHOIR (CATEGORY : 11);BRIGHT SAW PAD 2;90;5;–;0
353;PAD/CHOIR (CATEGORY : 11);GLASS PAD;92;32;–;0
354;PAD/CHOIR (CATEGORY : 11);BOTTLE PAD;92;33;–;0
355;PAD/CHOIR (CATEGORY : 11);ETHNIC PAD;93;32;–;0
356;PAD/CHOIR (CATEGORY : 11);SWEEP PAD;95;1;–;0
357;PAD/CHOIR (CATEGORY : 11);WOOD PAD;96;32;–;0
358;PAD/CHOIR (CATEGORY : 11);SOUND TRACK;97;1;–;0
359;PAD/CHOIR (CATEGORY : 11);VIBRAPHONE BELL;98;32;–;0
360;PAD/CHOIR (CATEGORY : 11);ATMOSPHERE PAD;99;1;–;0
361;PAD/CHOIR (CATEGORY : 11);STEEL PAD;99;32;–;0
362;PAD/CHOIR (CATEGORY : 11);BRIGHTNESS;100;1;–;0
363;PAD/CHOIR (CATEGORY : 11);BRIGHT BELL PAD;100;2;–;0
364;PAD/CHOIR (CATEGORY : 11);SPACE PAD;103;1;–;0
365;PAD/CHOIR (CATEGORY : 11);EDM PAD;88;3;DSP;0
366;ETHNIC (CATEGORY : 12);SITAR 1;104;32;–;0
367;ETHNIC (CATEGORY : 12);SITAR 2;104;1;–;0
368;ETHNIC (CATEGORY : 12);SITAR 3;104;33;–;0
369;ETHNIC (CATEGORY : 12);SITAR PAD;104;34;–;0
370;ETHNIC (CATEGORY : 12);TANPURA 1;104;2;–;0
371;ETHNIC (CATEGORY : 12);TANPURA 2;104;35;–;0
372;ETHNIC (CATEGORY : 12);HARMONIUM 1;20;32;–;0
373;ETHNIC (CATEGORY : 12);HARMONIUM 2;20;1;–;0
374;ETHNIC (CATEGORY : 12);SANTUR 1;15;1;–;0
375;ETHNIC (CATEGORY : 12);SANTUR 2;15;32;–;0
376;ETHNIC (CATEGORY : 12);SAROD 1;105;10;–;0
377;ETHNIC (CATEGORY : 12);SAROD 2;105;41;–;0
378;ETHNIC (CATEGORY : 12);SARANGI 1;110;8;–;0
379;ETHNIC (CATEGORY : 12);SARANGI 2;110;43;–;0
380;ETHNIC (CATEGORY : 12);VEENA 1;104;36;–;0
381;ETHNIC (CATEGORY : 12);VEENA 2;104;37;–;0
382;ETHNIC (CATEGORY : 12);SHANAI;111;1;–;0
383;ETHNIC (CATEGORY : 12);BANSURI;72;9;–;0
384;ETHNIC (CATEGORY : 12);PUNGI;111;8;–;0
385;ETHNIC (CATEGORY : 12);TABLA;116;41;–;0
386;ETHNIC (CATEGORY : 12);CAVAQUINHO;104;38;–;0
387;ETHNIC (CATEGORY : 12);VIOLA CAIPIRA;104;39;–;0
388;ETHNIC (CATEGORY : 12);BERIMBAU;104;40;–;0
389;ETHNIC (CATEGORY : 12);PANDEIRO;116;40;–;0
390;ETHNIC (CATEGORY : 12);ANGKLUNG TREM.;12;40;–;0
391;ETHNIC (CATEGORY : 12);GENDER;11;40;–;0
392;ETHNIC (CATEGORY : 12);CAK;25;12;–;0
393;ETHNIC (CATEGORY : 12);CUK;24;40;–;0
394;ETHNIC (CATEGORY : 12);CELLO FINGERED;32;12;–;–1
395;ETHNIC (CATEGORY : 12);SASANDO;46;40;–;0
396;ETHNIC (CATEGORY : 12);SHORT SULING;77;40;–;0
397;ETHNIC (CATEGORY : 12);SULING BAMBOO 1;77;41;–;1
398;ETHNIC (CATEGORY : 12);SALUANG;77;43;–;0
399;ETHNIC (CATEGORY : 12);SULING BAMBOO 2;77;42;–;0
400;ETHNIC (CATEGORY : 12);ER HU 1;110;9;–;0
401;ETHNIC (CATEGORY : 12);ER HU 2;110;40;–;0
402;ETHNIC (CATEGORY : 12);ER HU 3;110;41;–;0
403;ETHNIC (CATEGORY : 12);ER HU 4;110;42;–;0
404;ETHNIC (CATEGORY : 12);YANG QIN 1;15;2;–;0
405;ETHNIC (CATEGORY : 12);YANG QIN 2;15;3;–;0
406;ETHNIC (CATEGORY : 12);YANG QIN 3;15;34;–;0
407;ETHNIC (CATEGORY : 12);ZHENG 1;107;8;–;0
408;ETHNIC (CATEGORY : 12);ZHENG 2;107;40;–;0
409;ETHNIC (CATEGORY : 12);PI PA 1;105;8;–;0
410;ETHNIC (CATEGORY : 12);PI PA 2;105;9;–;0
411;ETHNIC (CATEGORY : 12);PI PA 3;105;40;–;0
412;ETHNIC (CATEGORY : 12);CHINESE HARP;46;33;–;0
413;ETHNIC (CATEGORY : 12);DI ZI 1;72;8;–;0
414;ETHNIC (CATEGORY : 12);DI ZI 2;72;40;–;0
415;ETHNIC (CATEGORY : 12);XIAO;77;8;–;0
416;ETHNIC (CATEGORY : 12);SHENG 1;109;8;–;0
417;ETHNIC (CATEGORY : 12);SHENG 2;109;40;–;0
418;ETHNIC (CATEGORY : 12);SUO NA 1;111;10;–;0
419;ETHNIC (CATEGORY : 12);SUO NA 2;111;32;DSP;0
420;ETHNIC (CATEGORY : 12);OUD 1;105;11;–;0
421;ETHNIC (CATEGORY : 12);OUD 2;105;42;–;0
422;ETHNIC (CATEGORY : 12);SAZ;15;4;–;0
423;ETHNIC (CATEGORY : 12);KANUN 1;15;5;–;0
424;ETHNIC (CATEGORY : 12);KANUN 2;15;33;–;0
425;ETHNIC (CATEGORY : 12);BOUZOUKI;105;43;–;0
426;ETHNIC (CATEGORY : 12);RABAB;105;44;–;0
427;ETHNIC (CATEGORY : 12);KEMENCHE;110;44;–;0
428;ETHNIC (CATEGORY : 12);NEY 1;72;10;–;0
429;ETHNIC (CATEGORY : 12);NEY 2;72;41;–;0
430;ETHNIC (CATEGORY : 12);ZURNA;111;9;–;0
431;ETHNIC (CATEGORY : 12);ARABIC ORGAN;16;7;–;0
432;ETHNIC (CATEGORY : 12);ARABIC STRINGS;48;7;–;0
433;ETHNIC (CATEGORY : 12);BANJO;105;32;–;0
434;ETHNIC (CATEGORY : 12);MUTE BANJO;105;1;–;0
435;ETHNIC (CATEGORY : 12);STEEL DRUMS;114;1;–;0
436;ETHNIC (CATEGORY : 12);FIDDLE;110;32;–;0
437;GM TONES (CATEGORY : 13);GM PIANO 1;0;0;–;0
438;GM TONES (CATEGORY : 13);GM PIANO 2;1;0;–;0
439;GM TONES (CATEGORY : 13);GM ELEC.GRAND PIANO;2;0;–;0
440;GM TONES (CATEGORY : 13);GM HONKY-TONK;3;0;–;0
441;GM TONES (CATEGORY : 13);GM E.PIANO 1;4;0;–;0
442;GM TONES (CATEGORY : 13);GM E.PIANO 2;5;0;–;0
443;GM TONES (CATEGORY : 13);GM HARPSICHORD;6;0;–;0
444;GM TONES (CATEGORY : 13);GM CLAVI;7;0;–;0
445;GM TONES (CATEGORY : 13);GM CELESTA;8;0;–;0
446;GM TONES (CATEGORY : 13);GM GLOCKENSPIEL;9;0;–;0
447;GM TONES (CATEGORY : 13);GM MUSIC BOX;10;0;–;0
448;GM TONES (CATEGORY : 13);GM VIBRAPHONE;11;0;–;0
449;GM TONES (CATEGORY : 13);GM MARIMBA;12;0;–;0
450;GM TONES (CATEGORY : 13);GM XYLOPHONE;13;0;–;0
451;GM TONES (CATEGORY : 13);GM TUBULAR BELL;14;0;–;0
452;GM TONES (CATEGORY : 13);GM DULCIMER;15;0;–;0
453;GM TONES (CATEGORY : 13);GM ORGAN 1;16;0;–;0
454;GM TONES (CATEGORY : 13);GM ORGAN 2;17;0;–;0
455;GM TONES (CATEGORY : 13);GM ORGAN 3;18;0;–;0
456;GM TONES (CATEGORY : 13);GM PIPE ORGAN;19;0;–;0
457;GM TONES (CATEGORY : 13);GM REED ORGAN;20;0;–;0
458;GM TONES (CATEGORY : 13);GM ACCORDION;21;0;–;0
459;GM TONES (CATEGORY : 13);GM HARMONICA;22;0;–;0
460;GM TONES (CATEGORY : 13);GM BANDONEON;23;0;–;0
461;GM TONES (CATEGORY : 13);GM NYLON STR.GUITAR;24;0;–;0
462;GM TONES (CATEGORY : 13);GM STEEL STR.GUITAR;25;0;–;0
463;GM TONES (CATEGORY : 13);GM JAZZ GUITAR;26;0;–;0
464;GM TONES (CATEGORY : 13);GM CLEAN GUITAR;27;0;–;0
465;GM TONES (CATEGORY : 13);GM MUTE GUITAR;28;0;–;0
466;GM TONES (CATEGORY : 13);GM OVERDRIVE GT;29;0;–;0
467;GM TONES (CATEGORY : 13);GM DISTORTION GT;30;0;–;0
468;GM TONES (CATEGORY : 13);GM GT HARMONICS;31;0;–;0
469;GM TONES (CATEGORY : 13);GM ACOUSTIC BASS;32;0;–;0
470;GM TONES (CATEGORY : 13);GM FINGERED BASS;33;0;–;0
471;GM TONES (CATEGORY : 13);GM PICKED BASS;34;0;–;0
472;GM TONES (CATEGORY : 13);GM FRETLESS BASS;35;0;–;0
473;GM TONES (CATEGORY : 13);GM SLAP BASS 1;36;0;–;0
474;GM TONES (CATEGORY : 13);GM SLAP BASS 2;37;0;–;0
475;GM TONES (CATEGORY : 13);GM SYNTH-BASS 1;38;0;–;0
476;GM TONES (CATEGORY : 13);GM SYNTH-BASS 2;39;0;–;0
477;GM TONES (CATEGORY : 13);GM VIOLIN;40;0;–;0
478;GM TONES (CATEGORY : 13);GM VIOLA;41;0;–;0
479;GM TONES (CATEGORY : 13);GM CELLO;42;0;–;0
480;GM TONES (CATEGORY : 13);GM CONTRABASS;43;0;–;0
481;GM TONES (CATEGORY : 13);GM TREMOLO STRINGS;44;0;–;0
482;GM TONES (CATEGORY : 13);GM PIZZICATO;45;0;–;0
483;GM TONES (CATEGORY : 13);GM HARP;46;0;–;0
484;GM TONES (CATEGORY : 13);GM TIMPANI;47;0;–;0
485;GM TONES (CATEGORY : 13);GM STRINGS 1;48;0;–;0
486;GM TONES (CATEGORY : 13);GM STRINGS 2;49;0;–;0
487;GM TONES (CATEGORY : 13);GM SYNTH-STRINGS 1;50;0;–;0
488;GM TONES (CATEGORY : 13);GM SYNTH-STRINGS 2;51;0;–;0
489;GM TONES (CATEGORY : 13);GM CHOIR AAHS;52;0;–;0
490;GM TONES (CATEGORY : 13);GM VOICE DOO;53;0;–;0
491;GM TONES (CATEGORY : 13);GM SYNTH-VOICE;54;0;–;0
492;GM TONES (CATEGORY : 13);GM ORCHESTRA HIT;55;0;–;0
493;GM TONES (CATEGORY : 13);GM TRUMPET;56;0;–;0
494;GM TONES (CATEGORY : 13);GM TROMBONE;57;0;–;0
495;GM TONES (CATEGORY : 13);GM TUBA;58;0;–;0
496;GM TONES (CATEGORY : 13);GM MUTE TRUMPET;59;0;–;0
497;GM TONES (CATEGORY : 13);GM FRENCH HORN;60;0;–;0
498;GM TONES (CATEGORY : 13);GM BRASS;61;0;–;0
499;GM TONES (CATEGORY : 13);GM SYNTH-BRASS 1;62;0;–;0
500;GM TONES (CATEGORY : 13);GM SYNTH-BRASS 2;63;0;–;0
501;GM TONES (CATEGORY : 13);GM SOPRANO SAX;64;0;–;0
502;GM TONES (CATEGORY : 13);GM ALTO SAX;65;0;–;0
503;GM TONES (CATEGORY : 13);GM TENOR SAX;66;0;–;0
504;GM TONES (CATEGORY : 13);GM BARITONE SAX;67;0;–;0
505;GM TONES (CATEGORY : 13);GM OBOE;68;0;–;0
506;GM TONES (CATEGORY : 13);GM ENGLISH HORN;69;0;–;0
507;GM TONES (CATEGORY : 13);GM BASSOON;70;0;–;0
508;GM TONES (CATEGORY : 13);GM CLARINET;71;0;–;0
509;GM TONES (CATEGORY : 13);GM PICCOLO;72;0;–;0
510;GM TONES (CATEGORY : 13);GM FLUTE;73;0;–;0
511;GM TONES (CATEGORY : 13);GM RECORDER;74;0;–;0
512;GM TONES (CATEGORY : 13);GM PAN FLUTE;75;0;–;0
513;GM TONES (CATEGORY : 13);GM BOTTLE BLOW;76;0;–;0
514;GM TONES (CATEGORY : 13);GM SHAKUHACHI;77;0;–;0
515;GM TONES (CATEGORY : 13);GM WHISTLE;78;0;–;0
516;GM TONES (CATEGORY : 13);GM OCARINA;79;0;–;0
517;GM TONES (CATEGORY : 13);GM SQUARE LEAD;80;0;–;0
518;GM TONES (CATEGORY : 13);GM SAW LEAD;81;0;–;0
519;GM TONES (CATEGORY : 13);GM CALLIOPE;82;0;–;0
520;GM TONES (CATEGORY : 13);GM CHIFF LEAD;83;0;–;0
521;GM TONES (CATEGORY : 13);GM CHARANG;84;0;–;0
522;GM TONES (CATEGORY : 13);GM VOICE LEAD;85;0;–;0
523;GM TONES (CATEGORY : 13);GM FIFTH LEAD;86;0;–;0
524;GM TONES (CATEGORY : 13);GM BASS+LEAD;87;0;–;0
525;GM TONES (CATEGORY : 13);GM FANTASY;88;0;–;0
526;GM TONES (CATEGORY : 13);GM WARM PAD;89;0;–;0
527;GM TONES (CATEGORY : 13);GM POLYSYNTH;90;0;–;0
528;GM TONES (CATEGORY : 13);GM SPACE CHOIR;91;0;–;0
529;GM TONES (CATEGORY : 13);GM BOWED GLASS;92;0;–;0
530;GM TONES (CATEGORY : 13);GM METAL PAD;93;0;–;0
531;GM TONES (CATEGORY : 13);GM HALO PAD;94;0;–;0
532;GM TONES (CATEGORY : 13);GM SWEEP PAD;95;0;–;0
533;GM TONES (CATEGORY : 13);GM RAIN DROP;96;0;–;0
534;GM TONES (CATEGORY : 13);GM SOUND TRACK;97;0;–;0
535;GM TONES (CATEGORY : 13);GM CRYSTAL;98;0;–;0
536;GM TONES (CATEGORY : 13);GM ATMOSPHERE;99;0;–;0
537;GM TONES (CATEGORY : 13);GM BRIGHTNESS;100;0;–;0
538;GM TONES (CATEGORY : 13);GM GOBLINS;101;0;–;0
539;GM TONES (CATEGORY : 13);GM ECHOES;102;0;–;0
540;GM TONES (CATEGORY : 13);GM SF;103;0;–;0
541;GM TONES (CATEGORY : 13);GM SITAR;104;0;–;0
542;GM TONES (CATEGORY : 13);GM BANJO;105;0;–;0
543;GM TONES (CATEGORY : 13);GM SHAMISEN;106;0;–;0
544;GM TONES (CATEGORY : 13);GM KOTO;107;0;–;0
545;GM TONES (CATEGORY : 13);GM THUMB PIANO;108;0;–;0
546;GM TONES (CATEGORY : 13);GM BAGPIPE;109;0;–;0
547;GM TONES (CATEGORY : 13);GM FIDDLE;110;0;–;0
548;GM TONES (CATEGORY : 13);GM SHANAI;111;0;–;0
549;GM TONES (CATEGORY : 13);GM TINKLE BELL;112;0;–;0
550;GM TONES (CATEGORY : 13);GM AGOGO;113;0;–;0
551;GM TONES (CATEGORY : 13);GM STEEL DRUMS;114;0;–;0
552;GM TONES (CATEGORY : 13);GM WOOD BLOCK;115;0;–;0
553;GM TONES (CATEGORY : 13);GM TAIKO;116;0;–;0
554;GM TONES (CATEGORY : 13);GM MELODIC TOM;117;0;–;0
555;GM TONES (CATEGORY : 13);GM SYNTH-DRUM;118;0;–;0
556;GM TONES (CATEGORY : 13);GM REVERSE CYMBAL;119;0;–;0
557;GM TONES (CATEGORY : 13);GM GT FRET NOISE;120;0;–;0
558;GM TONES (CATEGORY : 13);GM BREATH NOISE;121;0;–;0
559;GM TONES (CATEGORY : 13);GM SEASHORE;122;0;–;0
560;GM TONES (CATEGORY : 13);GM BIRD;123;0;–;0
561;GM TONES (CATEGORY : 13);GM TELEPHONE;124;0;–;0
562;GM TONES (CATEGORY : 13);GM HELICOPTER;125;0;–;0
563;GM TONES (CATEGORY : 13);GM APPLAUSE;126;0;–;0
564;GM TONES (CATEGORY : 13);GM GUNSHOT;127;0;–;0
565;DRUM SET (CATEGORY : 14);STANDARD SET 1;0;120;–;0
566;DRUM SET (CATEGORY : 14);STANDARD SET 2;1;120;–;0
567;DRUM SET (CATEGORY : 14);STANDARD SET 3;2;120;–;0
568;DRUM SET (CATEGORY : 14);STANDARD SET 4;3;120;–;0
569;DRUM SET (CATEGORY : 14);STANDARD SET 5;4;120;–;0
570;DRUM SET (CATEGORY : 14);DANCE SET 1;26;120;–;0
571;DRUM SET (CATEGORY : 14);DANCE SET 2;27;120;–;0
572;DRUM SET (CATEGORY : 14);DANCE SET 3;28;120;–;0
573;DRUM SET (CATEGORY : 14);DANCE SET 4;29;120;–;0
574;DRUM SET (CATEGORY : 14);DANCE SET 5;34;120;–;0
575;DRUM SET (CATEGORY : 14);DANCE SET 6;35;120;–;0
576;DRUM SET (CATEGORY : 14);TRANCE SET;31;120;–;0
577;DRUM SET (CATEGORY : 14);HIP-HOP SET;9;120;–;0
578;DRUM SET (CATEGORY : 14);ROOM SET;8;120;–;0
579;DRUM SET (CATEGORY : 14);POWER SET;16;120;–;0
580;DRUM SET (CATEGORY : 14);ROCK SET;17;120;–;0
581;DRUM SET (CATEGORY : 14);ELECTRONIC SET;24;120;–;0
582;DRUM SET (CATEGORY : 14);DRUM MACHINE SET 1;25;120;–;0
583;DRUM SET (CATEGORY : 14);DRUM MACHINE SET 2;30;120;–;0
584;DRUM SET (CATEGORY : 14);DRUM MACHINE SET 3;33;120;–;0
585;DRUM SET (CATEGORY : 14);JAZZ SET;32;120;–;0
586;DRUM SET (CATEGORY : 14);BRUSH SET;40;120;–;0
587;DRUM SET (CATEGORY : 14);ORCHESTRA SET;48;120;–;0
588;DRUM SET (CATEGORY : 14);LATIN SET 1;49;120;–;0
589;DRUM SET (CATEGORY : 14);LATIN SET 2;50;120;–;0
590;DRUM SET (CATEGORY : 14);INDONESIAN SET;53;120;–;0
591;DRUM SET (CATEGORY : 14);INDIAN SET;54;120;–;0
592;DRUM SET (CATEGORY : 14);ARABIC SET;52;120;–;0
593;DRUM SET (CATEGORY : 14);CHINESE SET;51;120;–;0
594;DRUM SET (CATEGORY : 14);SFX SET 1;60;120;–;0
595;DRUM SET (CATEGORY : 14);SFX SET 2;61;120;–;0
596;DRUM SET (CATEGORY : 14);SNARE SET 1;64;120;–;0
597;DRUM SET (CATEGORY : 14);SNARE SET 2;65;120;–;0
598;DRUM SET (CATEGORY : 14);KICK SET;66;120;–;0
599;DRUM SET (CATEGORY : 14);CYMBAL SET;67;120;–;0
600;DRUM SET (CATEGORY : 14);TOM SET;68;120;–;0
